<?xml version="1.0" encoding="UTF-8"?>

<mule xmlns:json="http://www.mulesoft.org/schema/mule/json"
	xmlns:http="http://www.mulesoft.org/schema/mule/http" xmlns="http://www.mulesoft.org/schema/mule/core"
	xmlns:doc="http://www.mulesoft.org/schema/mule/documentation"
	xmlns:spring="http://www.springframework.org/schema/beans" version="CE-3.8.1"
	xmlns:xsi="http://www.w3.org/2001/XMLSchema-instance"
	xsi:schemaLocation="
http://www.mulesoft.org/schema/mule/json http://www.mulesoft.org/schema/mule/json/current/mule-json.xsd 
http://www.mulesoft.org/schema/mule/http http://www.mulesoft.org/schema/mule/http/current/mule-http.xsd http://www.springframework.org/schema/beans http://www.springframework.org/schema/beans/spring-beans-current.xsd
http://www.mulesoft.org/schema/mule/core http://www.mulesoft.org/schema/mule/core/current/mule.xsd">

	<flow name="BankAccountListConfigFlow">
		<http:listener config-ref="HTTP_Listener_Configuration"
			path="BankAccount/List" allowedMethods="GET" doc:name="HTTP">
		</http:listener>
		<message-filter doc:name="Filter favicon">
			<not-filter>
				<wildcard-filter pattern="/favicon.ico"
					caseSensitive="true" />
			</not-filter>
		</message-filter>

		<custom-transformer class="org.felo.api.data.MessageTransformer"
			doc:name="Java" />
		<set-variable variableName="originalPayload" value="#[payload]"
			doc:name="Variable" />
		<set-variable value="#[message.id]" variableName="correlationID"
			doc:name="Variable" />
		<logger level="INFO"
			message="[{#[correlationID]} : BANK-ACCOUNT-LIST Request = #[originalPayload]]"
			doc:name="Logger" />
		<flow-ref name="bankAccountListValidationFlow" doc:name="Flow Reference" />
		<logger level="INFO"
			message="[{#[correlationID]} BANK-ACCOUNT-LIST Response = #[payload]]"
			doc:name="Logger" />

		<json:object-to-json-transformer
			doc:name="Object to JSON" />
		<exception-strategy ref="sessionException"
			doc:name="Reference Exception Strategy" />
	</flow>
	
	<flow name="loadBankTrfConfigFlow">
		<http:listener config-ref="HTTP_Listener_Configuration"
			path="Emoney/BankTransfer" allowedMethods="GET" doc:name="HTTP">
		</http:listener>
		<message-filter doc:name="Filter favicon">
			<not-filter>
				<wildcard-filter pattern="/favicon.ico"
					caseSensitive="true" />
			</not-filter>
		</message-filter>

		<custom-transformer class="org.felo.api.data.MessageTransformer"
			doc:name="Java" />
		<set-variable variableName="originalPayload" value="#[payload]"
			doc:name="Variable" />
		<set-variable value="#[message.id]" variableName="correlationID"
			doc:name="Variable" />
		<logger level="INFO"
			message="[{#[correlationID]} : LOAD-BANK-TRF Request = #[originalPayload]]"
			doc:name="Logger" />
		<flow-ref name="loadBankTrfValidationFlow" doc:name="Flow Reference" />
		<logger level="INFO"
			message="[{#[correlationID]} LOAD-BANK-TRF Response = #[payload]]"
			doc:name="Logger" />

		<json:object-to-json-transformer
			doc:name="Object to JSON" />
		<exception-strategy ref="sessionException"
			doc:name="Reference Exception Strategy" />
	</flow>
	
	<flow name="reqRegisterBankAccountConfigFlow">
		<http:listener config-ref="HTTP_Listener_Configuration"
			path="BankAccount/RegisterAccountRequest" allowedMethods="POST" doc:name="HTTP">
		</http:listener>
		<message-filter doc:name="Filter favicon">
			<not-filter>
				<wildcard-filter pattern="/favicon.ico"
					caseSensitive="true" />
			</not-filter>
		</message-filter>

		<custom-transformer class="org.felo.api.data.MessageTransformer"
			doc:name="Java" />
		<set-variable variableName="originalPayload" value="#[payload]"
			doc:name="Variable" />
		<set-variable value="#[message.id]" variableName="correlationID"
			doc:name="Variable" />
		<logger level="INFO"
			message="[{#[correlationID]} : REQ-REGISTER-BANK-ACCOUNT Request = #[originalPayload]]"
			doc:name="Logger" />
		<flow-ref name="reqRegisterBankAccountValidationFlow" doc:name="Flow Reference" />
		<logger level="INFO"
			message="[{#[correlationID]} : REQ-REGISTER-BANK-ACCOUNT Response = #[payload]]"
			doc:name="Logger" />

		<json:object-to-json-transformer
			doc:name="Object to JSON" />
		<exception-strategy ref="sessionException"
			doc:name="Reference Exception Strategy" />
	</flow>
	
	<flow name="confirmRegisterAccountConfigFlow">
		<http:listener config-ref="HTTP_Listener_Configuration"
			path="BankAccount/ConfirmRegisterAccount" allowedMethods="POST" doc:name="HTTP">
		</http:listener>
		<message-filter doc:name="Filter favicon">
			<not-filter>
				<wildcard-filter pattern="/favicon.ico"
					caseSensitive="true" />
			</not-filter>
		</message-filter>

		<custom-transformer class="org.felo.api.data.MessageTransformer"
			doc:name="Java" />
		<set-variable variableName="originalPayload" value="#[payload]"
			doc:name="Variable" />
		<set-variable value="#[message.id]" variableName="correlationID"
			doc:name="Variable" />
		<logger level="INFO"
			message="[{#[correlationID]} : CONFIRM-REGISTER-BANK-ACCOUNT Request = #[originalPayload]]"
			doc:name="Logger" />
		<flow-ref name="confirmRegisterBankAccountValidationFlow" doc:name="Flow Reference" />
		<logger level="INFO"
			message="[{#[correlationID]} : CONFIRM-REGISTER-BANK-ACCOUNT Response = #[payload]]"
			doc:name="Logger" />

		<json:object-to-json-transformer
			doc:name="Object to JSON" />
		<exception-strategy ref="sessionException"
			doc:name="Reference Exception Strategy" />
	</flow>
	
	<flow name="bankTrfInqConfigFlow">
		<http:listener config-ref="HTTP_Listener_Configuration"
			path="BankAccount/TransferInquiry" allowedMethods="GET" doc:name="HTTP">
		</http:listener>
		<message-filter doc:name="Filter favicon">
			<not-filter>
				<wildcard-filter pattern="/favicon.ico"
					caseSensitive="true" />
			</not-filter>
		</message-filter>

		<custom-transformer class="org.felo.api.data.MessageTransformer"
			doc:name="Java" />
		<set-variable variableName="originalPayload" value="#[payload]"
			doc:name="Variable" />
		<set-variable value="#[message.id]" variableName="correlationID"
			doc:name="Variable" />
		<logger level="INFO"
			message="[{#[correlationID]} : BANK-TRANSFER-INQ Request = #[originalPayload]]"
			doc:name="Logger" />
		<flow-ref name="bankTrfInqValidationFlow" doc:name="Flow Reference" />
		<logger level="INFO"
			message="[{#[correlationID]} : BANK-TRANSFER-INQ Response = #[payload]]"
			doc:name="Logger" />

		<json:object-to-json-transformer
			doc:name="Object to JSON" />
		<exception-strategy ref="sessionException"
			doc:name="Reference Exception Strategy" />
	</flow>
	
	<flow name="bankTrfPaymentConfigFlow">
		<http:listener config-ref="HTTP_Listener_Configuration"
			path="BankAccount/TransferPayment" allowedMethods="POST" doc:name="HTTP">
		</http:listener>
		<message-filter doc:name="Filter favicon">
			<not-filter>
				<wildcard-filter pattern="/favicon.ico"
					caseSensitive="true" />
			</not-filter>
		</message-filter>

		<custom-transformer class="org.felo.api.data.MessageTransformer"
			doc:name="Java" />
		<set-variable variableName="originalPayload" value="#[payload]"
			doc:name="Variable" />
		<set-variable value="#[message.id]" variableName="correlationID"
			doc:name="Variable" />
		<logger level="INFO"
			message="[{#[correlationID]} : BANK-TRANSFER-PAYMENT Request = #[originalPayload]]"
			doc:name="Logger" />
		<flow-ref name="bankTrfPaymentValidationFlow" doc:name="Flow Reference" />
		<logger level="INFO"
			message="[{#[correlationID]} : BANK-TRANSFER-PAYMENT Response = #[payload]]"
			doc:name="Logger" />

		<json:object-to-json-transformer
			doc:name="Object to JSON" />
		<exception-strategy ref="sessionException"
			doc:name="Reference Exception Strategy" />
	</flow>
</mule>
