<?xml version="1.0" encoding="UTF-8"?>

<mule xmlns:json="http://www.mulesoft.org/schema/mule/json"
	xmlns:http="http://www.mulesoft.org/schema/mule/http" xmlns="http://www.mulesoft.org/schema/mule/core"
	xmlns:doc="http://www.mulesoft.org/schema/mule/documentation"
	xmlns:spring="http://www.springframework.org/schema/beans" version="CE-3.8.1"
	xmlns:xsi="http://www.w3.org/2001/XMLSchema-instance"
	xsi:schemaLocation="
http://www.mulesoft.org/schema/mule/json http://www.mulesoft.org/schema/mule/json/current/mule-json.xsd 
http://www.mulesoft.org/schema/mule/http http://www.mulesoft.org/schema/mule/http/current/mule-http.xsd http://www.springframework.org/schema/beans http://www.springframework.org/schema/beans/spring-beans-current.xsd
http://www.mulesoft.org/schema/mule/core http://www.mulesoft.org/schema/mule/core/current/mule.xsd">

	<flow name="commentFlow">
		<http:listener config-ref="HTTP_Listener_Configuration"
			path="Comment" allowedMethods="POST" doc:name="HTTP">
		</http:listener>
		<message-filter doc:name="Filter favicon">
			<not-filter>
				<wildcard-filter pattern="/favicon.ico"
					caseSensitive="true" />
			</not-filter>
		</message-filter>

		<set-variable value="#[message.inboundProperties.'http.method']"
			variableName="method" doc:name="Variable" />
		<custom-transformer class="org.felo.api.data.MessageTransformer"
			doc:name="Java" />
		<set-variable variableName="originalPayload" value="#[payload]"
			doc:name="Variable" />

		<set-variable value="#[message.id]" variableName="correlationID"
			doc:name="Variable" />

		<logger level="INFO"
			message="[{#[correlationID]} : COMMENT-REGISTER Request = #[originalPayload]]"
			doc:name="Logger" />
		<flow-ref name="commentRegisterValidationFlow" doc:name="Flow Reference" />
		
		<json:object-to-json-transformer
			doc:name="Object to JSON" />
		<exception-strategy ref="sessionException"
			doc:name="Reference Exception Strategy" />
	</flow>

	<flow name="commentListFlow">
		<http:listener config-ref="HTTP_Listener_Configuration"
			path="Comment/List" allowedMethods="GET" doc:name="HTTP">
		</http:listener>
		<message-filter doc:name="Filter favicon">
			<not-filter>
				<wildcard-filter pattern="/favicon.ico"
					caseSensitive="true" />
			</not-filter>
		</message-filter>

		<set-variable value="#[message.inboundProperties.'http.method']"
			variableName="method" doc:name="Variable" />
		<custom-transformer class="org.felo.api.data.MessageTransformer"
			doc:name="Java" />
		<set-variable variableName="originalPayload" value="#[payload]"
			doc:name="Variable" />

		<set-variable value="#[message.id]" variableName="correlationID"
			doc:name="Variable" />

		<logger level="INFO"
			message="[{#[correlationID]} : COMMENT-LIST Request = #[flowVars['originalPayload']] ]"
			doc:name="Logger" />
		<flow-ref name="commentListValidationFlow" doc:name="Flow Reference" />
		
		<json:object-to-json-transformer
			doc:name="Object to JSON" />
		<exception-strategy ref="sessionException"
			doc:name="Reference Exception Strategy" />
	</flow>

	<flow name="commentDeleteFlow">
		<http:listener config-ref="HTTP_Listener_Configuration"
			path="Comment/Delete" allowedMethods="POST" doc:name="HTTP">
		</http:listener>
		<message-filter doc:name="Filter favicon">
			<not-filter>
				<wildcard-filter pattern="/favicon.ico"
					caseSensitive="true" />
			</not-filter>
		</message-filter>

		<set-variable value="#[message.inboundProperties.'http.method']"
			variableName="method" doc:name="Variable" />
		<custom-transformer class="org.felo.api.data.MessageTransformer"
			doc:name="Java" />
		<set-variable variableName="originalPayload" value="#[payload]"
			doc:name="Variable" />

		<set-variable value="#[message.id]" variableName="correlationID"
			doc:name="Variable" />

		<logger level="INFO"
			message="[{#[correlationID]} : COMMENT-DELETE Request = #[originalPayload]]"
			doc:name="Logger" />
		<flow-ref name="deleteCommentValidationFlow" doc:name="Flow Reference" />
		
		<json:object-to-json-transformer
			doc:name="Object to JSON" />
		<exception-strategy ref="sessionException"
			doc:name="Reference Exception Strategy" />
	</flow>
	
	<flow name="commentEditFlow">
		<http:listener config-ref="HTTP_Listener_Configuration"
			path="Comment/Edit" allowedMethods="POST" doc:name="HTTP">
		</http:listener>
		<message-filter doc:name="Filter favicon">
			<not-filter>
				<wildcard-filter pattern="/favicon.ico"
					caseSensitive="true" />
			</not-filter>
		</message-filter>

		<set-variable value="#[message.inboundProperties.'http.method']"
			variableName="method" doc:name="Variable" />
		<custom-transformer class="org.felo.api.data.MessageTransformer"
			doc:name="Java" />
		<set-variable variableName="originalPayload" value="#[payload]"
			doc:name="Variable" />

		<set-variable value="#[message.id]" variableName="correlationID"
			doc:name="Variable" />

		<logger level="INFO"
			message="[{#[correlationID]} : COMMENT-EDIT Request = #[originalPayload]]"
			doc:name="Logger" />
		<flow-ref name="editCommentValidationFlow" doc:name="Flow Reference" />
		
		<json:object-to-json-transformer
			doc:name="Object to JSON" />
		<exception-strategy ref="sessionException"
			doc:name="Reference Exception Strategy" />
	</flow>
</mule>
