<?xml version="1.0" encoding="UTF-8"?>

<mule xmlns:http="http://www.mulesoft.org/schema/mule/http"
	xmlns:json="http://www.mulesoft.org/schema/mule/json" xmlns:vm="http://www.mulesoft.org/schema/mule/vm"
	xmlns:db="http://www.mulesoft.org/schema/mule/db" xmlns="http://www.mulesoft.org/schema/mule/core"
	xmlns:doc="http://www.mulesoft.org/schema/mule/documentation"
	xmlns:spring="http://www.springframework.org/schema/beans" version="CE-3.8.1"
	xmlns:xsi="http://www.w3.org/2001/XMLSchema-instance"
	xsi:schemaLocation="
http://www.mulesoft.org/schema/mule/http http://www.mulesoft.org/schema/mule/http/current/mule-http.xsd 
http://www.mulesoft.org/schema/mule/json http://www.mulesoft.org/schema/mule/json/current/mule-json.xsd 
http://www.mulesoft.org/schema/mule/vm http://www.mulesoft.org/schema/mule/vm/current/mule-vm.xsd 
http://www.mulesoft.org/schema/mule/db http://www.mulesoft.org/schema/mule/db/current/mule-db.xsd http://www.springframework.org/schema/beans http://www.springframework.org/schema/beans/spring-beans-current.xsd
http://www.mulesoft.org/schema/mule/core http://www.mulesoft.org/schema/mule/core/current/mule.xsd">

	<flow name="addEventBPFlow2">
		<set-payload value="#[flowVars['originalPayload']]"
			doc:name="Set Payload" />

		<db:select config-ref="MySQL_Configuration" doc:name="Database">
			<db:parameterized-query>
            	<![CDATA[SELECT admin from felo.member_community
		                    WHERE member_id=(SELECT id FROM felo.members WHERE msisdn=#[originalPayload['msisdn']])
		                            AND community_id=#[originalPayload['communityID']]]]>
			</db:parameterized-query>
		</db:select>
		<message-filter onUnaccepted="dbFailedFlow" doc:name="Message">
			<expression-filter expression="#[payload != []]" />
		</message-filter>
		<set-variable value="#[payload.get(0)['admin']]"
			variableName="isAdmin" doc:name="Variable" />
		<choice>
			<when expression="#[flowVars['isAdmin'] == 1]">
				<set-variable variableName="expiredHour"
					value="#[org.felo.api.process.Utils.expiredDate(originalPayload['endDate'])]"
					doc:name="Variable" />

				<set-variable variableName="eventPic"
					value="#[flowVars['ticketID']]-eventPicture" doc:name="Variable" />
				<set-variable variableName="urlEventPic"
					value="${url.file}event/#[flowVars['eventPic']].#[originalPayload.eventPicture['fileExtension']]"
					doc:name="Variable" />
				<db:insert config-ref="MySQL_Configuration" doc:name="Database">
					<db:parameterized-query>
						<![CDATA[INSERT INTO felo.events (ticket_id,member_id,community_id,location,picture,event_name) 
							SELECT * FROM (SELECT #[flowVars['ticketID']],(SELECT m.id from felo.members m INNER JOIN felo.member_community mc ON mc.member_id=m.id 
								WHERE mc.community_id=#[originalPayload['communityID']] 
									AND m.msisdn=#[originalPayload['msisdn']] 
									AND mc.admin='1'),#[originalPayload['communityID']],#[originalPayload['location']],#[flowVars['urlEventPic']],#[originalPayload['eventName']]) as tmp
								WHERE NOT EXISTS (
									SELECT ticket_id FROM felo.events
										WHERE ticket_id=#[flowVars['ticketID']]
						)]]>
					</db:parameterized-query>
				</db:insert>
				<message-filter onUnaccepted="dbFailedFlow" doc:name="Message">
					<expression-filter expression="#[payload == 1]" />
				</message-filter>
				<expression-component doc:name="Expression">
					<![CDATA[regMap=new java.util.HashMap();
						regMap['path']='event';
						regMap['content']=originalPayload.eventPicture['content'];
						regMap['fileExtension']=originalPayload.eventPicture['fileExtension'];
						regMap['fileName']=flowVars['eventPic'];
					payload = regMap;]]>
				</expression-component>
				<vm:outbound-endpoint exchange-pattern="one-way"
					connector-ref="File_VM" path="save.file" doc:name="VM" />
				<expression-component doc:name="Expression">
					<![CDATA[responseMap=new java.util.HashMap();
						responseMap['msisdn']=originalPayload['msisdn'];
						responseMap['communityID']=originalPayload['communityID'];
						responseMap['eventName']=originalPayload['eventName'];
						responseMap['location']=originalPayload['location'];
						responseMap['description']=originalPayload['description'];
						responseMap['paymentURL']=flowVars['paymentURL'];
						responseMap['ticketID']=flowVars['ticketID'];
						responseMap['status']= org.felo.api.data.StatusBuilder.getStatus('PROCESSED');		
					payload = responseMap;]]>
				</expression-component>

			</when>
			<otherwise>
				<expression-component doc:name="Expression">
					<![CDATA[responseMap=new java.util.HashMap();
						responseMap['msisdn']=originalPayload['msisdn'];
						responseMap['eventName']=originalPayload['eventName'];
						responseMap['communityID']=originalPayload['communityID'];
						responseMap['status']= org.felo.api.data.StatusBuilder.getStatus('UNAUTHORIZED_ACCESS');			
					payload = responseMap;]]>
				</expression-component>
				<logger level="INFO"
					message="[CREARE EVENT FAILED #[originalPayload['msisdn']] : #[payload]]"
					doc:name="Logger" />
			</otherwise>
		</choice>
		<flow-ref name="responseHandlerFlow" doc:name="Flow Reference" />
	</flow>
</mule>
